[
    {
        "_id": "Drip_HALFMASK_SMILE1",
        "areaType": 5,
        "requirements": [
            {
                "templateId": "572b7fa524597762b747ce82",
                "count": 1,
                "isFunctional": false,
                "isEncoded": false,
                "type": "Item"
            },
            {
                "templateId": "61bf83814088ec1a363d7097",
                "count": 1,
                "type": "Tool"
            },
            {
                "areaType": 5,
                "requiredLevel": 1,
                "type": "Area"
            }
        ],
        "productionTime": 5,
        "needFuelForAllProductionTime": false,
        "locked": false,
        "endProduct": "HALFMASK_SMILE1",
        "continuous": false,
        "count": 1,
        "productionLimitCount": 0,
        "isEncoded": false
    },
    {
        "_id": "Drip_HALFMASK_SMILE2",
        "areaType": 5,
        "requirements": [
            {
                "templateId": "572b7fa524597762b747ce82",
                "count": 1,
                "isFunctional": false,
                "isEncoded": false,
                "type": "Item"
            },
            {
                "templateId": "61bf83814088ec1a363d7097",
                "count": 1,
                "type": "Tool"
            },
            {
                "areaType": 5,
                "requiredLevel": 1,
                "type": "Area"
            }
        ],
        "productionTime": 5,
        "needFuelForAllProductionTime": false,
        "locked": false,
        "endProduct": "HALFMASK_SMILE2",
        "continuous": false,
        "count": 1,
        "productionLimitCount": 0,
        "isEncoded": false
    },
    {
        "_id": "Drip_HALFMASK_SMILE3",
        "areaType": 5,
        "requirements": [
            {
                "templateId": "572b7fa524597762b747ce82",
                "count": 1,
                "isFunctional": false,
                "isEncoded": false,
                "type": "Item"
            },
            {
                "templateId": "61bf83814088ec1a363d7097",
                "count": 1,
                "type": "Tool"
            },
            {
                "areaType": 5,
                "requiredLevel": 1,
                "type": "Area"
            }
        ],
        "productionTime": 5,
        "needFuelForAllProductionTime": false,
        "locked": false,
        "endProduct": "HALFMASK_SMILE3",
        "continuous": false,
        "count": 1,
        "productionLimitCount": 0,
        "isEncoded": false
    },
    {
        "_id": "Drip_HALFMASK_SMILE4",
        "areaType": 5,
        "requirements": [
            {
                "templateId": "572b7fa524597762b747ce82",
                "count": 1,
                "isFunctional": false,
                "isEncoded": false,
                "type": "Item"
            },
            {
                "templateId": "61bf83814088ec1a363d7097",
                "count": 1,
                "type": "Tool"
            },
            {
                "areaType": 5,
                "requiredLevel": 1,
                "type": "Area"
            }
        ],
        "productionTime": 5,
        "needFuelForAllProductionTime": false,
        "locked": false,
        "endProduct": "HALFMASK_SMILE4",
        "continuous": false,
        "count": 1,
        "productionLimitCount": 0,
        "isEncoded": false
    },
    {
        "_id": "Drip_MOMEX_COYOTE_FACE",
        "areaType": 5,
        "requirements": [
            {
                "templateId": "5b432f3d5acfc4704b4a1dfb",
                "count": 1,
                "isFunctional": false,
                "isEncoded": false,
                "type": "Item"
            },
            {
                "templateId": "61bf83814088ec1a363d7097",
                "count": 1,
                "type": "Tool"
            },
            {
                "areaType": 5,
                "requiredLevel": 1,
                "type": "Area"
            }
        ],
        "productionTime": 5,
        "needFuelForAllProductionTime": false,
        "locked": false,
        "endProduct": "MOMEX_COYOTE_FACE",
        "continuous": false,
        "count": 1,
        "productionLimitCount": 0,
        "isEncoded": false
    },
    {
        "_id": "Drip_MOMEX_OD_FACE",
        "areaType": 5,
        "requirements": [
            {
                "templateId": "5b432f3d5acfc4704b4a1dfb",
                "count": 1,
                "isFunctional": false,
                "isEncoded": false,
                "type": "Item"
            },
            {
                "templateId": "61bf83814088ec1a363d7097",
                "count": 1,
                "type": "Tool"
            },
            {
                "areaType": 5,
                "requiredLevel": 1,
                "type": "Area"
            }
        ],
        "productionTime": 5,
        "needFuelForAllProductionTime": false,
        "locked": false,
        "endProduct": "MOMEX_OD_FACE",
        "continuous": false,
        "count": 1,
        "productionLimitCount": 0,
        "isEncoded": false
    },
    {
        "_id": "Drip_MUSTACHE_BLONDE_FACE",
        "areaType": 5,
        "requirements": [
            {
                "templateId": "5bd073a586f7747e6f135799",
                "count": 1,
                "isFunctional": false,
                "isEncoded": false,
                "type": "Item"
            },
            {
                "templateId": "61bf83814088ec1a363d7097",
                "count": 1,
                "type": "Tool"
            },
            {
                "areaType": 5,
                "requiredLevel": 1,
                "type": "Area"
            }
        ],
        "productionTime": 5,
        "needFuelForAllProductionTime": false,
        "locked": false,
        "endProduct": "MUSTACHE_BLONDE_FACE",
        "continuous": false,
        "count": 1,
        "productionLimitCount": 0,
        "isEncoded": false
    },
    {
        "_id": "Drip_MUSTACHE_DARKGREY_FACE",
        "areaType": 5,
        "requirements": [
            {
                "templateId": "5bd073a586f7747e6f135799",
                "count": 1,
                "isFunctional": false,
                "isEncoded": false,
                "type": "Item"
            },
            {
                "templateId": "61bf83814088ec1a363d7097",
                "count": 1,
                "type": "Tool"
            },
            {
                "areaType": 5,
                "requiredLevel": 1,
                "type": "Area"
            }
        ],
        "productionTime": 5,
        "needFuelForAllProductionTime": false,
        "locked": false,
        "endProduct": "MUSTACHE_DARKGREY_FACE",
        "continuous": false,
        "count": 1,
        "productionLimitCount": 0,
        "isEncoded": false
    },
    {
        "_id": "Drip_MUSTACHE_GINGER_FACE",
        "areaType": 5,
        "requirements": [
            {
                "templateId": "5bd073a586f7747e6f135799",
                "count": 1,
                "isFunctional": false,
                "isEncoded": false,
                "type": "Item"
            },
            {
                "templateId": "61bf83814088ec1a363d7097",
                "count": 1,
                "type": "Tool"
            },
            {
                "areaType": 5,
                "requiredLevel": 1,
                "type": "Area"
            }
        ],
        "productionTime": 5,
        "needFuelForAllProductionTime": false,
        "locked": false,
        "endProduct": "MUSTACHE_GINGER_FACE",
        "continuous": false,
        "count": 1,
        "productionLimitCount": 0,
        "isEncoded": false
    },
    {
        "_id": "Drip_MUSTACHE_GREY_FACE",
        "areaType": 5,
        "requirements": [
            {
                "templateId": "5bd073a586f7747e6f135799",
                "count": 1,
                "isFunctional": false,
                "isEncoded": false,
                "type": "Item"
            },
            {
                "templateId": "61bf83814088ec1a363d7097",
                "count": 1,
                "type": "Tool"
            },
            {
                "areaType": 5,
                "requiredLevel": 1,
                "type": "Area"
            }
        ],
        "productionTime": 5,
        "needFuelForAllProductionTime": false,
        "locked": false,
        "endProduct": "MUSTACHE_GREY_FACE",
        "continuous": false,
        "count": 1,
        "productionLimitCount": 0,
        "isEncoded": false
    },
    {
        "_id": "Drip_COMTAC4_BLACK_HEADSET",
        "areaType": 5,
        "requirements": [
            {
                "templateId": "628e4e576d783146b124c64d",
                "count": 1,
                "isFunctional": false,
                "isEncoded": false,
                "type": "Item"
            },
            {
                "templateId": "61bf83814088ec1a363d7097",
                "count": 1,
                "type": "Tool"
            },
            {
                "areaType": 5,
                "requiredLevel": 1,
                "type": "Area"
            }
        ],
        "productionTime": 5,
        "needFuelForAllProductionTime": false,
        "locked": false,
        "endProduct": "COMTAC4_BLACK_HEADSET",
        "continuous": false,
        "count": 1,
        "productionLimitCount": 0,
        "isEncoded": false
    }  
]