[
    {
        "_id": "addGear_AddGearTan_CFBalaclava",
        "areaType": 5,
        "requirements": [
            {
                "templateId": "5ab8f39486f7745cd93a1cca",
                "count": 1,
                "isFunctional": false,
                "isEncoded": false,
                "type": "Item"
            },
            {
                "templateId": "61bf83814088ec1a363d7097",
                "count": 1,
                "type": "Tool"
            },
            {
                "areaType": 5,
                "requiredLevel": 1,
                "type": "Area"
            }
        ],
        "productionTime": 5,
        "needFuelForAllProductionTime": false,
        "locked": false,
        "endProduct": "AddGearTan_CFBalaclava",
        "continuous": false,
        "count": 1,
        "productionLimitCount": 0,
        "isEncoded": false
    },
    {
        "_id": "addGear_AddGearTan_HalfMask",
        "areaType": 5,
        "requirements": [
            {
                "templateId": "572b7fa524597762b747ce82",
                "count": 1,
                "isFunctional": false,
                "isEncoded": false,
                "type": "Item"
            },
            {
                "templateId": "61bf83814088ec1a363d7097",
                "count": 1,
                "type": "Tool"
            },
            {
                "areaType": 5,
                "requiredLevel": 1,
                "type": "Area"
            }
        ],
        "productionTime": 5,
        "needFuelForAllProductionTime": false,
        "locked": false,
        "endProduct": "AddGearTan_HalfMask",
        "continuous": false,
        "count": 1,
        "productionLimitCount": 0,
        "isEncoded": false
    },
    {
        "_id": "addGear_AddGearTan_MomexBalaclava",
        "areaType": 5,
        "requirements": [
            {
                "templateId": "5b432f3d5acfc4704b4a1dfb",
                "count": 1,
                "isFunctional": false,
                "isEncoded": false,
                "type": "Item"
            },
            {
                "templateId": "61bf83814088ec1a363d7097",
                "count": 1,
                "type": "Tool"
            },
            {
                "areaType": 5,
                "requiredLevel": 1,
                "type": "Area"
            }
        ],
        "productionTime": 5,
        "needFuelForAllProductionTime": false,
        "locked": false,
        "endProduct": "AddGearTan_MomexBalaclava",
        "continuous": false,
        "count": 1,
        "productionLimitCount": 0,
        "isEncoded": false
    },
    {
        "_id": "addGear_AddGearTan_ShemaghVer1",
        "areaType": 5,
        "requirements": [
            {
                "templateId": "5ab8f85d86f7745cd93a1cf5",
                "count": 1,
                "isFunctional": false,
                "isEncoded": false,
                "type": "Item"
            },
            {
                "templateId": "61bf83814088ec1a363d7097",
                "count": 1,
                "type": "Tool"
            },
            {
                "areaType": 5,
                "requiredLevel": 1,
                "type": "Area"
            }
        ],
        "productionTime": 5,
        "needFuelForAllProductionTime": false,
        "locked": false,
        "endProduct": "AddGearTan_ShemaghVer1",
        "continuous": false,
        "count": 1,
        "productionLimitCount": 0,
        "isEncoded": false
    }
]