[
    {
        "_id": "AddGear_AddGearTan_6B47",
        "areaType": 1,
        "requirements": [
            {
                "templateId": "5a7c4850e899ef00150be885",
                "count": 1,
                "isFunctional": false,
                "isEncoded": false,
                "type": "Item"
            },
            {
                "templateId": "61bf7b6302b3924be92fa8c3",
                "count": 1,
                "isFunctional": false,
                "isEncoded": false,
                "type": "Item"
            },
            {
                "templateId": "61bf83814088ec1a363d7097",
                "count": 1,
                "type": "Tool"
            },
            {
                "areaType": 1,
                "requiredLevel": 1,
                "type": "Area"
            }
        ],
        "productionTime": 5,
        "needFuelForAllProductionTime": false,
        "locked": false,
        "endProduct": "AddGearTan_6B47",
        "continuous": false,
        "count": 1,
        "productionLimitCount": 0,
        "isEncoded": false
    },
    {
        "_id": "AddGear_AddGearTan_Galvion_Caiman",
        "areaType": 1,
        "requirements": [
            {
                "templateId": "5f60b34a41e30a4ab12a6947",
                "count": 1,
                "isFunctional": false,
                "isEncoded": false,
                "type": "Item"
            },
            {
                "templateId": "61bf7b6302b3924be92fa8c3",
                "count": 1,
                "isFunctional": false,
                "isEncoded": false,
                "type": "Item"
            },
            {
                "templateId": "61bf83814088ec1a363d7097",
                "count": 1,
                "type": "Tool"
            },
            {
                "areaType": 1,
                "requiredLevel": 1,
                "type": "Area"
            }
        ],
        "productionTime": 5,
        "needFuelForAllProductionTime": false,
        "locked": false,
        "endProduct": "AddGearTan_Galvion_Caiman",
        "continuous": false,
        "count": 1,
        "productionLimitCount": 0,
        "isEncoded": false
    },
    {
        "_id": "AddGear_AddGearTan_MICH_2001",
        "areaType": 1,
        "requirements": [
            {
                "templateId": "5d5e7d28a4b936645d161203",
                "count": 1,
                "isFunctional": false,
                "isEncoded": false,
                "type": "Item"
            },
            {
                "templateId": "61bf7b6302b3924be92fa8c3",
                "count": 1,
                "isFunctional": false,
                "isEncoded": false,
                "type": "Item"
            },
            {
                "templateId": "61bf83814088ec1a363d7097",
                "count": 1,
                "type": "Tool"
            },
            {
                "areaType": 1,
                "requiredLevel": 1,
                "type": "Area"
            }
        ],
        "productionTime": 5,
        "needFuelForAllProductionTime": false,
        "locked": false,
        "endProduct": "AddGearTan_MICH_2001",
        "continuous": false,
        "count": 1,
        "productionLimitCount": 0,
        "isEncoded": false
    },
    {
        "_id": "AddGear_AddGearTan_MICH_2002",
        "areaType": 1,
        "requirements": [
            {
                "templateId": "5d5e9c74a4b9364855191c40",
                "count": 1,
                "isFunctional": false,
                "isEncoded": false,
                "type": "Item"
            },
            {
                "templateId": "61bf7b6302b3924be92fa8c3",
                "count": 1,
                "isFunctional": false,
                "isEncoded": false,
                "type": "Item"
            },
            {
                "templateId": "61bf83814088ec1a363d7097",
                "count": 1,
                "type": "Tool"
            },
            {
                "areaType": 5,
                "requiredLevel": 1,
                "type": "Area"
            }
        ],
        "productionTime": 5,
        "needFuelForAllProductionTime": false,
        "locked": false,
        "endProduct": "AddGearTan_MICH_2002",
        "continuous": false,
        "count": 1,
        "productionLimitCount": 0,
        "isEncoded": false
    },
    {
        "_id": "AddGear_AddGearTan_TC_800",
        "areaType": 1,
        "requirements": [
            {
                "templateId": "5e4bfc1586f774264f7582d3",
                "count": 1,
                "isFunctional": false,
                "isEncoded": false,
                "type": "Item"
            },
            {
                "templateId": "61bf7b6302b3924be92fa8c3",
                "count": 1,
                "isFunctional": false,
                "isEncoded": false,
                "type": "Item"
            },
            {
                "templateId": "61bf83814088ec1a363d7097",
                "count": 1,
                "type": "Tool"
            },
            {
                "areaType": 1,
                "requiredLevel": 1,
                "type": "Area"
            }
        ],
        "productionTime": 5,
        "needFuelForAllProductionTime": false,
        "locked": false,
        "endProduct": "AddGearTan_TC_800",
        "continuous": false,
        "count": 1,
        "productionLimitCount": 0,
        "isEncoded": false
    },
    {
        "_id": "AddGear_AddGearTan_ACHHC",
        "areaType": 1,
        "requirements": [
            {
                "templateId": "5b40e3f35acfc40016388218",
                "count": 1,
                "isFunctional": false,
                "isEncoded": false,
                "type": "Item"
            },
            {
                "templateId": "61bf7b6302b3924be92fa8c3",
                "count": 1,
                "isFunctional": false,
                "isEncoded": false,
                "type": "Item"
            },
            {
                "templateId": "61bf83814088ec1a363d7097",
                "count": 1,
                "type": "Tool"
            },
            {
                "areaType": 1,
                "requiredLevel": 1,
                "type": "Area"
            }
        ],
        "productionTime": 5,
        "needFuelForAllProductionTime": false,
        "locked": false,
        "endProduct": "AddGearTan_ACHHC",
        "continuous": false,
        "count": 1,
        "productionLimitCount": 0,
        "isEncoded": false
    },
    {
        "_id": "AddGear_AddGearTan_Door_Kicker",
        "areaType": 5,
        "requirements": [
            {
                "templateId": "5d96141523f0ea1b7f2aacab",
                "count": 1,
                "isFunctional": false,
                "isEncoded": false,
                "type": "Item"
            },
            {
                "templateId": "61bf83814088ec1a363d7097",
                "count": 1,
                "type": "Tool"
            },
            {
                "areaType": 5,
                "requiredLevel": 1,
                "type": "Area"
            }
        ],
        "productionTime": 5,
        "needFuelForAllProductionTime": false,
        "locked": false,
        "endProduct": "AddGearTan_Door_Kicker",
        "continuous": false,
        "count": 1,
        "productionLimitCount": 0,
        "isEncoded": false
    },
    {
        "_id": "AddGear_AddGearTan_Head_Bandana",
        "areaType": 5,
        "requirements": [
            {
                "templateId": "5b43271c5acfc432ff4dce65",
                "count": 1,
                "isFunctional": false,
                "isEncoded": false,
                "type": "Item"
            },
            {
                "templateId": "61bf83814088ec1a363d7097",
                "count": 1,
                "type": "Tool"
            },
            {
                "areaType": 5,
                "requiredLevel": 1,
                "type": "Area"
            }
        ],
        "productionTime": 5,
        "needFuelForAllProductionTime": false,
        "locked": false,
        "endProduct": "AddGearTan_Head_Bandana",
        "continuous": false,
        "count": 1,
        "productionLimitCount": 0,
        "isEncoded": false
    },
    {
        "_id": "AddGear_AddGearTan_Cap_Bear",
        "areaType": 5,
        "requirements": [
            {
                "templateId": "5aa2a7e8e5b5b00016327c16",
                "count": 1,
                "isFunctional": false,
                "isEncoded": false,
                "type": "Item"
            },
            {
                "templateId": "61bf83814088ec1a363d7097",
                "count": 1,
                "type": "Tool"
            },
            {
                "areaType": 5,
                "requiredLevel": 1,
                "type": "Area"
            }
        ],
        "productionTime": 5,
        "needFuelForAllProductionTime": false,
        "locked": false,
        "endProduct": "AddGearTan_Cap_Bear",
        "continuous": false,
        "count": 1,
        "productionLimitCount": 0,
        "isEncoded": false
    },
    {
        "_id": "AddGear_AddGearTan_Cap_Regular",
        "areaType": 5,
        "requirements": [
            {
                "templateId": "5aa2a7e8e5b5b00016327c16",
                "count": 1,
                "isFunctional": false,
                "isEncoded": false,
                "type": "Item"
            },
            {
                "templateId": "61bf83814088ec1a363d7097",
                "count": 1,
                "type": "Tool"
            },
            {
                "areaType": 5,
                "requiredLevel": 1,
                "type": "Area"
            }
        ],
        "productionTime": 5,
        "needFuelForAllProductionTime": false,
        "locked": false,
        "endProduct": "AddGearTan_Cap_Regular",
        "continuous": false,
        "count": 1,
        "productionLimitCount": 0,
        "isEncoded": false
    },
    {
        "_id": "AddGear_AddGearTan_UX_Pro",
        "areaType": 5,
        "requirements": [
            {
                "templateId": "5f60e6403b85f6263c14558c",
                "count": 1,
                "isFunctional": false,
                "isEncoded": false,
                "type": "Item"
            },
            {
                "templateId": "61bf83814088ec1a363d7097",
                "count": 1,
                "type": "Tool"
            },
            {
                "areaType": 5,
                "requiredLevel": 1,
                "type": "Area"
            }
        ],
        "productionTime": 5,
        "needFuelForAllProductionTime": false,
        "locked": false,
        "endProduct": "AddGearTan_UX_Pro",
        "continuous": false,
        "count": 1,
        "productionLimitCount": 0,
        "isEncoded": false
    },
    {
        "_id": "AddGear_AddGearTan_Beanie",
        "areaType": 5,
        "requirements": [
            {
                "templateId": "572b7fa124597762b472f9d2",
                "count": 1,
                "isFunctional": false,
                "isEncoded": false,
                "type": "Item"
            },
            {
                "templateId": "61bf83814088ec1a363d7097",
                "count": 1,
                "type": "Tool"
            },
            {
                "areaType": 5,
                "requiredLevel": 1,
                "type": "Area"
            }
        ],
        "productionTime": 5,
        "needFuelForAllProductionTime": false,
        "locked": false,
        "endProduct": "AddGearTan_Beanie",
        "continuous": false,
        "count": 1,
        "productionLimitCount": 0,
        "isEncoded": false
    },
    {
        "_id": "AddGear_AddGearTan_Cap_Backwards",
        "areaType": 5,
        "requirements": [
            {
                "templateId": "60a7acf20c5cb24b01346648",
                "count": 1,
                "isFunctional": false,
                "isEncoded": false,
                "type": "Item"
            },
            {
                "templateId": "61bf83814088ec1a363d7097",
                "count": 1,
                "type": "Tool"
            },
            {
                "areaType": 5,
                "requiredLevel": 1,
                "type": "Area"
            }
        ],
        "productionTime": 5,
        "needFuelForAllProductionTime": false,
        "locked": false,
        "endProduct": "AddGearTan_Cap_Backwards",
        "continuous": false,
        "count": 1,
        "productionLimitCount": 0,
        "isEncoded": false
    },
    {
        "_id": "AddGear_AddGearTan_Cap_Tagilla",
        "areaType": 5,
        "requirements": [
            {
                "templateId": "60a7acf20c5cb24b01346648",
                "count": 1,
                "isFunctional": false,
                "isEncoded": false,
                "type": "Item"
            },
            {
                "templateId": "61bf83814088ec1a363d7097",
                "count": 1,
                "type": "Tool"
            },
            {
                "areaType": 5,
                "requiredLevel": 1,
                "type": "Area"
            }
        ],
        "productionTime": 5,
        "needFuelForAllProductionTime": false,
        "locked": false,
        "endProduct": "AddGearTan_Cap_Tagilla",
        "continuous": false,
        "count": 1,
        "productionLimitCount": 0,
        "isEncoded": false
    },
    {
        "_id": "AddGear_AddGearTan_M92",
        "areaType": 1,
        "requirements": [
            {
                "templateId": "5aa7d03ae5b5b00016327db5",
                "count": 1,
                "isFunctional": false,
                "isEncoded": false,
                "type": "Item"
            },
            {
                "templateId": "61bf7b6302b3924be92fa8c3",
                "count": 1,
                "isFunctional": false,
                "isEncoded": false,
                "type": "Item"
            },
            {
                "templateId": "61bf83814088ec1a363d7097",
                "count": 1,
                "type": "Tool"
            },
            {
                "areaType": 1,
                "requiredLevel": 1,
                "type": "Area"
            }
        ],
        "productionTime": 5,
        "needFuelForAllProductionTime": false,
        "locked": false,
        "endProduct": "AddGearTan_M92",
        "continuous": false,
        "count": 1,
        "productionLimitCount": 0,
        "isEncoded": false
    },
    {
        "_id": "AddGear_AddGearTan_TacKek_Heavy_Trooper",
        "areaType": 1,
        "requirements": [
            {
                "templateId": "5ea058e01dbce517f324b3e2",
                "count": 1,
                "isFunctional": false,
                "isEncoded": false,
                "type": "Item"
            },
            {
                "templateId": "61bf7b6302b3924be92fa8c3",
                "count": 1,
                "isFunctional": false,
                "isEncoded": false,
                "type": "Item"
            },
            {
                "templateId": "61bf83814088ec1a363d7097",
                "count": 1,
                "type": "Tool"
            },
            {
                "areaType": 1,
                "requiredLevel": 1,
                "type": "Area"
            }
        ],
        "productionTime": 5,
        "needFuelForAllProductionTime": false,
        "locked": false,
        "endProduct": "AddGearTan_TacKek_Heavy_Trooper",
        "continuous": false,
        "count": 1,
        "productionLimitCount": 0,
        "isEncoded": false
    },
    {
        "_id": "AddGear_AddGearTan_Caiman_Applique",
        "areaType": 1,
        "requirements": [
            {
                "templateId": "5f60b85bbdb8e27dee3dc985",
                "count": 1,
                "isFunctional": false,
                "isEncoded": false,
                "type": "Item"
            },
            {
                "templateId": "61bf7b6302b3924be92fa8c3",
                "count": 1,
                "isFunctional": false,
                "isEncoded": false,
                "type": "Item"
            },
            {
                "templateId": "61bf83814088ec1a363d7097",
                "count": 1,
                "type": "Tool"
            },
            {
                "areaType": 1,
                "requiredLevel": 1,
                "type": "Area"
            }
        ],
        "productionTime": 5,
        "needFuelForAllProductionTime": false,
        "locked": false,
        "endProduct": "AddGearTan_Caiman_Applique",
        "continuous": false,
        "count": 1,
        "productionLimitCount": 0,
        "isEncoded": false
    },
    {
        "_id": "AddGear_AddGearTan_Caiman_Visor",
        "areaType": 1,
        "requirements": [
            {
                "templateId": "5f60bf4558eff926626a60f2",
                "count": 1,
                "isFunctional": false,
                "isEncoded": false,
                "type": "Item"
            },
            {
                "templateId": "61bf7b6302b3924be92fa8c3",
                "count": 1,
                "isFunctional": false,
                "isEncoded": false,
                "type": "Item"
            },
            {
                "templateId": "61bf83814088ec1a363d7097",
                "count": 1,
                "type": "Tool"
            },
            {
                "areaType": 1,
                "requiredLevel": 1,
                "type": "Area"
            }
        ],
        "productionTime": 5,
        "needFuelForAllProductionTime": false,
        "locked": false,
        "endProduct": "AddGearTan_Caiman_Visor",
        "continuous": false,
        "count": 1,
        "productionLimitCount": 0,
        "isEncoded": false
    },
    {
        "_id": "AddGear_AddGearTan_Caiman_Mandible",
        "areaType": 1,
        "requirements": [
            {
                "templateId": "5f60c076f2bcbb675b00dac2",
                "count": 1,
                "isFunctional": false,
                "isEncoded": false,
                "type": "Item"
            },
            {
                "templateId": "61bf7b6302b3924be92fa8c3",
                "count": 1,
                "isFunctional": false,
                "isEncoded": false,
                "type": "Item"
            },
            {
                "templateId": "61bf83814088ec1a363d7097",
                "count": 1,
                "type": "Tool"
            },
            {
                "areaType": 1,
                "requiredLevel": 1,
                "type": "Area"
            }
        ],
        "productionTime": 5,
        "needFuelForAllProductionTime": false,
        "locked": false,
        "endProduct": "AddGearTan_Caiman_Mandible",
        "continuous": false,
        "count": 1,
        "productionLimitCount": 0,
        "isEncoded": false
    },
    {
        "_id": "AddGear_AddGearTan_Ops_Core_Visor_Fast",
        "areaType": 1,
        "requirements": [
            {
                "templateId": "5a16b7e1fcdbcb00165aa6c9",
                "count": 1,
                "isFunctional": false,
                "isEncoded": false,
                "type": "Item"
            },
            {
                "templateId": "61bf7b6302b3924be92fa8c3",
                "count": 1,
                "isFunctional": false,
                "isEncoded": false,
                "type": "Item"
            },
            {
                "templateId": "61bf83814088ec1a363d7097",
                "count": 1,
                "type": "Tool"
            },
            {
                "areaType": 1,
                "requiredLevel": 1,
                "type": "Area"
            }
        ],
        "productionTime": 5,
        "needFuelForAllProductionTime": false,
        "locked": false,
        "endProduct": "AddGearTan_Ops_Core_Visor_Fast",
        "continuous": false,
        "count": 1,
        "productionLimitCount": 0,
        "isEncoded": false
    },
    {
        "_id": "AddGear_AddGearTan_Ops_Core_Visor_Small",
        "areaType": 1,
        "requirements": [
            {
                "templateId": "5a16b672fcdbcb001912fa83",
                "count": 1,
                "isFunctional": false,
                "isEncoded": false,
                "type": "Item"
            },
            {
                "templateId": "61bf7b6302b3924be92fa8c3",
                "count": 1,
                "isFunctional": false,
                "isEncoded": false,
                "type": "Item"
            },
            {
                "templateId": "61bf83814088ec1a363d7097",
                "count": 1,
                "type": "Tool"
            },
            {
                "areaType": 1,
                "requiredLevel": 1,
                "type": "Area"
            }
        ],
        "productionTime": 5,
        "needFuelForAllProductionTime": false,
        "locked": false,
        "endProduct": "AddGearTan_Ops_Core_Visor_Small",
        "continuous": false,
        "count": 1,
        "productionLimitCount": 0,
        "isEncoded": false
    },
    {
        "_id": "AddGear_AddGearTan_Ops_Core_Side_Armor",
        "areaType": 1,
        "requirements": [
            {
                "templateId": "5a16badafcdbcb001865f72d",
                "count": 1,
                "isFunctional": false,
                "isEncoded": false,
                "type": "Item"
            },
            {
                "templateId": "61bf7b6302b3924be92fa8c3",
                "count": 1,
                "isFunctional": false,
                "isEncoded": false,
                "type": "Item"
            },
            {
                "templateId": "61bf83814088ec1a363d7097",
                "count": 1,
                "type": "Tool"
            },
            {
                "areaType": 1,
                "requiredLevel": 1,
                "type": "Area"
            }
        ],
        "productionTime": 5,
        "needFuelForAllProductionTime": false,
        "locked": false,
        "endProduct": "AddGearTan_Ops_Core_Side_Armor",
        "continuous": false,
        "count": 1,
        "productionLimitCount": 0,
        "isEncoded": false
    },
    {
        "_id": "AddGear_AddGearTan_Ops_Core_Mandible",
        "areaType": 1,
        "requirements": [
            {
                "templateId": "5a16ba61fcdbcb098008728a",
                "count": 1,
                "isFunctional": false,
                "isEncoded": false,
                "type": "Item"
            },
            {
                "templateId": "61bf7b6302b3924be92fa8c3",
                "count": 1,
                "isFunctional": false,
                "isEncoded": false,
                "type": "Item"
            },
            {
                "templateId": "61bf83814088ec1a363d7097",
                "count": 1,
                "type": "Tool"
            },
            {
                "areaType": 1,
                "requiredLevel": 1,
                "type": "Area"
            }
        ],
        "productionTime": 5,
        "needFuelForAllProductionTime": false,
        "locked": false,
        "endProduct": "AddGearTan_Ops_Core_Mandible",
        "continuous": false,
        "count": 1,
        "productionLimitCount": 0,
        "isEncoded": false
    }
]