[
    {
        "_id": "CivicCraft_RVGreen",
        "areaType": 12,
        "requirements": [
            {
                "templateId": "59bfe68886f7746004266202",
                "count": 1,
                "isFunctional": false,
                "isEncoded": false,
                "type": "Item"
            },
            {
                "templateId": "544fb5454bdc2df8738b456a",
                "count": 1,
                "type": "Tool"
            },
            {
                "areaType": 12,
                "requiredLevel": 1,
                "type": "Area"
            }
        ],
        "productionTime": 5,
        "needFuelForAllProductionTime": false,
        "locked": false,
        "endProduct": "wc_RVGreen",
        "continuous": false,
        "count": 1,
        "productionLimitCount": 0,
        "isEncoded": false
    },
    {
        "_id": "CivicCraft_RSRGreen",
        "areaType": 12,
        "requirements": [
            {
                "templateId": "5df8e4080b92095fd441e594",
                "count": 1,
                "isFunctional": false,
                "isEncoded": false,
                "type": "Item"
            },
            {
                "templateId": "544fb5454bdc2df8738b456a",
                "count": 1,
                "type": "Tool"
            },
            {
                "areaType": 12,
                "requiredLevel": 1,
                "type": "Area"
            }
        ],
        "productionTime": 5,
        "needFuelForAllProductionTime": false,
        "locked": false,
        "endProduct": "wc_RSRGreen",
        "continuous": false,
        "count": 1,
        "productionLimitCount": 0,
        "isEncoded": false
    },
    {
        "_id": "CivicCraft_HSGreen",
        "areaType": 12,
        "requirements": [
            {
                "templateId": "5c6d5d8b2e221644fc630b39",
                "count": 1,
                "isFunctional": false,
                "isEncoded": false,
                "type": "Item"
            },
            {
                "templateId": "544fb5454bdc2df8738b456a",
                "count": 1,
                "type": "Tool"
            },
            {
                "areaType": 12,
                "requiredLevel": 1,
                "type": "Area"
            }
        ],
        "productionTime": 5,
        "needFuelForAllProductionTime": false,
        "locked": false,
        "endProduct": "wc_HSGreen",
        "continuous": false,
        "count": 1,
        "productionLimitCount": 0,
        "isEncoded": false
    },
    {
        "_id": "CivicCraft_HNGreen",
        "areaType": 12,
        "requirements": [
            {
                "templateId": "5d00ef6dd7ad1a0940739b16",
                "count": 1,
                "isFunctional": false,
                "isEncoded": false,
                "type": "Item"
            },
            {
                "templateId": "544fb5454bdc2df8738b456a",
                "count": 1,
                "type": "Tool"
            },
            {
                "areaType": 12,
                "requiredLevel": 1,
                "type": "Area"
            }
        ],
        "productionTime": 5,
        "needFuelForAllProductionTime": false,
        "locked": false,
        "endProduct": "wc_HNGreen",
        "continuous": false,
        "count": 1,
        "productionLimitCount": 0,
        "isEncoded": false
    },
    {
        "_id": "CivicCraft_HDDGreen",
        "areaType": 12,
        "requirements": [
            {
                "templateId": "5c9a26332e2216001219ea70",
                "count": 1,
                "isFunctional": false,
                "isEncoded": false,
                "type": "Item"
            },
            {
                "templateId": "544fb5454bdc2df8738b456a",
                "count": 1,
                "type": "Tool"
            },
            {
                "areaType": 12,
                "requiredLevel": 1,
                "type": "Area"
            }
        ],
        "productionTime": 5,
        "needFuelForAllProductionTime": false,
        "locked": false,
        "endProduct": "wc_HDDGreen",
        "continuous": false,
        "count": 1,
        "productionLimitCount": 0,
        "isEncoded": false
    },
    {
        "_id": "CivicCraft_STS3Green",
        "areaType": 12,
        "requirements": [
            {
                "templateId": "628a85ee6b1d481ff772e9d5",
                "count": 1,
                "isFunctional": false,
                "isEncoded": false,
                "type": "Item"
            },
            {
                "templateId": "544fb5454bdc2df8738b456a",
                "count": 1,
                "type": "Tool"
            },
            {
                "areaType": 12,
                "requiredLevel": 1,
                "type": "Area"
            }
        ],
        "productionTime": 5,
        "needFuelForAllProductionTime": false,
        "locked": false,
        "endProduct": "wc_STS3Green",
        "continuous": false,
        "count": 1,
        "productionLimitCount": 0,
        "isEncoded": false
    },
    {
        "_id": "CivicCraft_SVEGreen",
        "areaType": 12,
        "requirements": [
            {
                "templateId": "5b39f8db5acfc40016387a1b",
                "count": 1,
                "isFunctional": false,
                "isEncoded": false,
                "type": "Item"
            },
            {
                "templateId": "544fb5454bdc2df8738b456a",
                "count": 1,
                "type": "Tool"
            },
            {
                "areaType": 12,
                "requiredLevel": 1,
                "type": "Area"
            }
        ],
        "productionTime": 5,
        "needFuelForAllProductionTime": false,
        "locked": false,
        "endProduct": "wc_SVEGreen",
        "continuous": false,
        "count": 1,
        "productionLimitCount": 0,
        "isEncoded": false
    },
    {
        "_id": "CivicCraft_MPGreen",
        "areaType": 12,
        "requirements": [
            {
                "templateId": "5aaa5dfee5b5b000140293d3",
                "count": 1,
                "isFunctional": false,
                "isEncoded": false,
                "type": "Item"
            },
            {
                "templateId": "544fb5454bdc2df8738b456a",
                "count": 1,
                "type": "Tool"
            },
            {
                "areaType": 12,
                "requiredLevel": 1,
                "type": "Area"
            }
        ],
        "productionTime": 5,
        "needFuelForAllProductionTime": false,
        "locked": false,
        "endProduct": "wc_MPGreen",
        "continuous": false,
        "count": 1,
        "productionLimitCount": 0,
        "isEncoded": false
    },
    {
        "_id": "CivicCraft_PFGreen",
        "areaType": 12,
        "requirements": [
            {
                "templateId": "6113cc78d3a39d50044c065a",
                "count": 1,
                "isFunctional": false,
                "isEncoded": false,
                "type": "Item"
            },
            {
                "templateId": "544fb5454bdc2df8738b456a",
                "count": 1,
                "type": "Tool"
            },
            {
                "areaType": 12,
                "requiredLevel": 1,
                "type": "Area"
            }
        ],
        "productionTime": 5,
        "needFuelForAllProductionTime": false,
        "locked": false,
        "endProduct": "wc_PFGreen",
        "continuous": false,
        "count": 1,
        "productionLimitCount": 0,
        "isEncoded": false
    },
    {
        "_id": "CivicCraft_FBCMGreen",
        "areaType": 12,
        "requirements": [
            {
                "templateId": "5c7fc87d2e221644f31c0298",
                "count": 1,
                "isFunctional": false,
                "isEncoded": false,
                "type": "Item"
            },
            {
                "templateId": "544fb5454bdc2df8738b456a",
                "count": 1,
                "type": "Tool"
            },
            {
                "areaType": 12,
                "requiredLevel": 1,
                "type": "Area"
            }
        ],
        "productionTime": 5,
        "needFuelForAllProductionTime": false,
        "locked": false,
        "endProduct": "wc_FBCMGreen",
        "continuous": false,
        "count": 1,
        "productionLimitCount": 0,
        "isEncoded": false
    }
]