[
    {
        "_id": "AddGear_F4Terminator_Tan",
        "areaType": 3,
        "requirements": [
            {
                "templateId": "5f5e46b96bdad616ad46d613",
                "count": 1,
                "isFunctional": false,
                "isEncoded": false,
                "type": "Item"
            },
            {
                "templateId": "61bf83814088ec1a363d7097",
                "count": 1,
                "type": "Tool"
            },
            {
                "areaType": 3,
                "requiredLevel": 1,
                "type": "Area"
            }
        ],
        "productionTime": 5,
        "needFuelForAllProductionTime": false,
        "locked": false,
        "endProduct": "AddGearTan_F4Terminator",
        "continuous": false,
        "count": 1,
        "productionLimitCount": 0,
        "isEncoded": false
    },
    {
        "_id": "AddGear_AddGearTan_Blackjack50",
        "areaType": 3,
        "requirements": [
            {
                "templateId": "5c0e774286f77468413cc5b2",
                "count": 1,
                "isFunctional": false,
                "isEncoded": false,
                "type": "Item"
            },
            {
                "templateId": "61bf83814088ec1a363d7097",
                "count": 1,
                "type": "Tool"
            },
            {
                "areaType": 3,
                "requiredLevel": 1,
                "type": "Area"
            }
        ],
        "productionTime": 5,
        "needFuelForAllProductionTime": false,
        "locked": false,
        "endProduct": "AddGearTan_Blackjack50",
        "continuous": false,
        "count": 1,
        "productionLimitCount": 0,
        "isEncoded": false
    },
    {
        "_id": "AddGear_AddGearTan_Beta2",
        "areaType": 3,
        "requirements": [
            {
                "templateId": "5b44c6ae86f7742d1627baea",
                "count": 1,
                "isFunctional": false,
                "isEncoded": false,
                "type": "Item"
            },
            {
                "templateId": "61bf83814088ec1a363d7097",
                "count": 1,
                "type": "Tool"
            },
            {
                "areaType": 3,
                "requiredLevel": 1,
                "type": "Area"
            }
        ],
        "productionTime": 5,
        "needFuelForAllProductionTime": false,
        "locked": false,
        "endProduct": "AddGearTan_Beta2",
        "continuous": false,
        "count": 1,
        "productionLimitCount": 0,
        "isEncoded": false
    },
    {
        "_id": "AddGear_AddGearTan_Medpack",
        "areaType": 3,
        "requirements": [
            {
                "templateId": "5e4abc6786f77406812bd572",
                "count": 1,
                "isFunctional": false,
                "isEncoded": false,
                "type": "Item"
            },
            {
                "templateId": "61bf83814088ec1a363d7097",
                "count": 1,
                "type": "Tool"
            },
            {
                "areaType": 3,
                "requiredLevel": 1,
                "type": "Area"
            }
        ],
        "productionTime": 5,
        "needFuelForAllProductionTime": false,
        "locked": false,
        "endProduct": "AddGearTan_Medpack",
        "continuous": false,
        "count": 1,
        "productionLimitCount": 0,
        "isEncoded": false
    },
    {
        "_id": "AddGear_AddGearTan_MBSS",
        "areaType": 3,
        "requirements": [
            {
                "templateId": "544a5cde4bdc2d39388b456b",
                "count": 1,
                "isFunctional": false,
                "isEncoded": false,
                "type": "Item"
            },
            {
                "templateId": "61bf83814088ec1a363d7097",
                "count": 1,
                "type": "Tool"
            },
            {
                "areaType": 3,
                "requiredLevel": 1,
                "type": "Area"
            }
        ],
        "productionTime": 5,
        "needFuelForAllProductionTime": false,
        "locked": false,
        "endProduct": "AddGearTan_MBSS",
        "continuous": false,
        "count": 1,
        "productionLimitCount": 0,
        "isEncoded": false
    },
    {
        "_id": "AddGear_AddGearTan_Daypack",
        "areaType": 3,
        "requirements": [
            {
                "templateId": "5e9dcf5986f7746c417435b3",
                "count": 1,
                "isFunctional": false,
                "isEncoded": false,
                "type": "Item"
            },
            {
                "templateId": "61bf83814088ec1a363d7097",
                "count": 1,
                "type": "Tool"
            },
            {
                "areaType": 3,
                "requiredLevel": 1,
                "type": "Area"
            }
        ],
        "productionTime": 5,
        "needFuelForAllProductionTime": false,
        "locked": false,
        "endProduct": "AddGearTan_Daypack",
        "continuous": false,
        "count": 1,
        "productionLimitCount": 0,
        "isEncoded": false
    },
    {
        "_id": "AddGear_AddGearTan_Berkut",
        "areaType": 3,
        "requirements": [
            {
                "templateId": "5ca20d5986f774331e7c9602",
                "count": 1,
                "isFunctional": false,
                "isEncoded": false,
                "type": "Item"
            },
            {
                "templateId": "61bf83814088ec1a363d7097",
                "count": 1,
                "type": "Tool"
            },
            {
                "areaType": 3,
                "requiredLevel": 1,
                "type": "Area"
            }
        ],
        "productionTime": 5,
        "needFuelForAllProductionTime": false,
        "locked": false,
        "endProduct": "AddGearTan_Berkut",
        "continuous": false,
        "count": 1,
        "productionLimitCount": 0,
        "isEncoded": false
    }
]